{
    "name": "DataflowCopy",
    "properties": {
        "description": "Run dataflow with Explicit copy to ingest copy source",
        "activities": [
            {
                "name": "LoadData",
                "type": "Copy",
                "dependsOn": [],
                "policy": {
                    "timeout": "7.00:00:00",
                    "retry": 0,
                    "retryIntervalInSeconds": 30,
                    "secureOutput": false,
                    "secureInput": false
                },
                "userProperties": [],
                "typeProperties": {
                    "source": {
                        "type": "DelimitedTextSource",
                        "storeSettings": {
                            "type": "FileServerReadSettings",
                            "recursive": true,
                            "enablePartitionDiscovery": false
                        },
                        "formatSettings": {
                            "type": "DelimitedTextReadSettings"
                        }
                    },
                    "sink": {
                        "type": "ParquetSink",
                        "storeSettings": {
                            "type": "AzureBlobFSWriteSettings"
                        },
                        "formatSettings": {
                            "type": "ParquetWriteSettings"
                        }
                    },
                    "enableStaging": false,
                    "translator": {
                        "type": "TabularTranslator",
                        "mappings": [
                            {
                                "source": {
                                    "name": "ID",
                                    "type": "String",
                                    "physicalType": "String"
                                },
                                "sink": {
                                    "name": "ID",
                                    "type": "String",
                                    "physicalType": "UTF8"
                                }
                            },
                            {
                                "source": {
                                    "name": "NOMBRE",
                                    "type": "String",
                                    "physicalType": "String"
                                },
                                "sink": {
                                    "name": "NOMBRE",
                                    "type": "String",
                                    "physicalType": "UTF8"
                                }
                            },
                            {
                                "source": {
                                    "name": "TELEFONO",
                                    "type": "String",
                                    "physicalType": "String"
                                },
                                "sink": {
                                    "name": "TELEFONO",
                                    "type": "String",
                                    "physicalType": "UTF8"
                                }
                            },
                            {
                                "source": {
                                    "name": "CORREO",
                                    "type": "String",
                                    "physicalType": "String"
                                },
                                "sink": {
                                    "name": "CORREO",
                                    "type": "String",
                                    "physicalType": "UTF8"
                                }
                            },
                            {
                                "source": {
                                    "name": "FECHA_INGRESO",
                                    "type": "String",
                                    "physicalType": "String"
                                },
                                "sink": {
                                    "name": "FECHA_INGRESO",
                                    "type": "String",
                                    "physicalType": "UTF8"
                                }
                            },
                            {
                                "source": {
                                    "name": "EDAD",
                                    "type": "String",
                                    "physicalType": "String"
                                },
                                "sink": {
                                    "name": "EDAD",
                                    "type": "String",
                                    "physicalType": "UTF8"
                                }
                            },
                            {
                                "source": {
                                    "name": "SALARIO",
                                    "type": "String",
                                    "physicalType": "String"
                                },
                                "sink": {
                                    "name": "SALARIO",
                                    "type": "String",
                                    "physicalType": "UTF8"
                                }
                            },
                            {
                                "source": {
                                    "name": "ID_EMPRESA",
                                    "type": "String",
                                    "physicalType": "String"
                                },
                                "sink": {
                                    "name": "ID_EMPRESA",
                                    "type": "String",
                                    "physicalType": "UTF8"
                                }
                            }
                        ],
                        "typeConversion": true,
                        "typeConversionSettings": {
                            "allowDataTruncation": true,
                            "treatBooleanAsNumber": false
                        }
                    }
                },
                "inputs": [
                    {
                        "referenceName": "ds_input_appventas_cliente_parsed",
                        "type": "DatasetReference"
                    }
                ],
                "outputs": [
                    {
                        "referenceName": "StagingParquet",
                        "type": "DatasetReference"
                    }
                ]
            },
            {
                "name": "Trasformation",
                "type": "ExecuteDataFlow",
                "dependsOn": [
                    {
                        "activity": "LoadData",
                        "dependencyConditions": [
                            "Succeeded"
                        ]
                    }
                ],
                "policy": {
                    "timeout": "7.00:00:00",
                    "retry": 0,
                    "retryIntervalInSeconds": 30,
                    "secureOutput": false,
                    "secureInput": false
                },
                "userProperties": [],
                "typeProperties": {
                    "dataflow": {
                        "referenceName": "Trasformation",
                        "type": "DataFlowReference"
                    },
                    "compute": {
                        "coreCount": 8,
                        "computeType": "General"
                    },
                    "traceLevel": "Fine"
                }
            }
        ],
        "annotations": [],
        "lastPublishTime": "2024-09-30T02:55:28Z"
    },
    "type": "Microsoft.DataFactory/factories/pipelines"
}