{
    "name": "StagingParquet",
    "properties": {
        "linkedServiceName": {
            "referenceName": "lnk_adls_tmp_appventas_desa",
            "type": "LinkedServiceReference"
        },
        "annotations": [],
        "type": "Parquet",
        "typeProperties": {
            "location": {
                "type": "AzureBlobFSLocation",
                "fileName": "file.parquet",
                "folderPath": "dataflow",
                "fileSystem": "staging"
            },
            "compressionCodec": "snappy"
        },
        "schema": []
    },
    "type": "Microsoft.DataFactory/factories/datasets"
}