{
    "name": "ds_input_appventas_ventas",
    "properties": {
        "linkedServiceName": {
            "referenceName": "lnk_filesystem_input_appventas_desa",
            "type": "LinkedServiceReference"
        },
        "parameters": {
            "DIRECTORIO_ORIGEN": {
                "type": "string"
            }
        },
        "annotations": [],
        "type": "Binary",
        "typeProperties": {
            "location": {
                "type": "FileServerLocation",
                "fileName": "venta.csv",
                "folderPath": {
                    "value": "@dataset().DIRECTORIO_ORIGEN",
                    "type": "Expression"
                }
            }
        }
    },
    "type": "Microsoft.DataFactory/factories/datasets"
}