{
    "$schema": "http://schema.management.azure.com/schemas/2015-01-01/deploymentTemplate.json#",
    "contentVersion": "1.0.0.0",
    "parameters": {
        "factoryName": {
            "type": "string",
            "metadata": "Data Factory name",
            "defaultValue": "df01-esping09eu02desa"
        },
        "lnk_filesystem_input_appventas_desa_password": {
            "type": "secureString",
            "metadata": "Secure string for 'password' of 'lnk_filesystem_input_appventas_desa'"
        },
        "lnk_adls_tmp_appventas_desa_accountKey": {
            "type": "secureString",
            "metadata": "Secure string for 'accountKey' of 'lnk_adls_tmp_appventas_desa'"
        },
        "lnk_filesystem_input_appventas_desa_properties_typeProperties_host": {
            "type": "string",
            "defaultValue": "\\\\40.70.223.123\\Input_AppVenta\\"
        },
        "lnk_filesystem_input_appventas_desa_properties_typeProperties_userId": {
            "type": "string",
            "defaultValue": "main"
        },
        "lnk_adls_tmp_appventas_desa_properties_typeProperties_url": {
            "type": "string",
            "defaultValue": "https://adlslakehouseeu02desa01.dfs.core.windows.net/"
        },
        "containerUri": {
            "type": "string",
            "metadata": "URI to storage account containing linked ARM templates"
        },
        "containerSasToken": {
            "type": "string",
            "metadata": "Sas token to storage account containing linked ARM templates"
        }
    },
    "variables": {
        "factoryId": "[concat('Microsoft.DataFactory/factories/', parameters('factoryName'))]"
    },
    "resources": [
        {
            "name": "df01-esping09eu02desa_ArmTemplate_0",
            "type": "Microsoft.Resources/deployments",
            "apiVersion": "2024-03-01",
            "properties": {
                "mode": "incremental",
                "templateLink": {
                    "uri": "[concat(parameters('containerUri'), '/ArmTemplate_0.json', parameters('containerSasToken'))]",
                    "contentVersion": "1.0.0.0"
                },
                "parameters": {
                    "factoryName": {
                        "value": "[parameters('factoryName')]"
                    },
                    "lnk_filesystem_input_appventas_desa_password": {
                        "value": "[parameters('lnk_filesystem_input_appventas_desa_password')]"
                    },
                    "lnk_adls_tmp_appventas_desa_accountKey": {
                        "value": "[parameters('lnk_adls_tmp_appventas_desa_accountKey')]"
                    },
                    "lnk_filesystem_input_appventas_desa_properties_typeProperties_host": {
                        "value": "[parameters('lnk_filesystem_input_appventas_desa_properties_typeProperties_host')]"
                    },
                    "lnk_filesystem_input_appventas_desa_properties_typeProperties_userId": {
                        "value": "[parameters('lnk_filesystem_input_appventas_desa_properties_typeProperties_userId')]"
                    },
                    "lnk_adls_tmp_appventas_desa_properties_typeProperties_url": {
                        "value": "[parameters('lnk_adls_tmp_appventas_desa_properties_typeProperties_url')]"
                    }
                }
            },
            "dependsOn": []
        },
        {
            "name": "df01-esping09eu02desa_ArmTemplate_1",
            "type": "Microsoft.Resources/deployments",
            "apiVersion": "2024-03-01",
            "properties": {
                "mode": "incremental",
                "templateLink": {
                    "uri": "[concat(parameters('containerUri'), '/ArmTemplate_1.json', parameters('containerSasToken'))]",
                    "contentVersion": "1.0.0.0"
                },
                "parameters": {
                    "factoryName": {
                        "value": "[parameters('factoryName')]"
                    }
                }
            },
            "dependsOn": [
                "[resourceId('Microsoft.Resources/deployments', 'df01-esping09eu02desa_ArmTemplate_0')]"
            ]
        }
    ]
}