{
    "name": "ds_tmp_appventas_ventas",
    "properties": {
        "linkedServiceName": {
            "referenceName": "lnk_adls_tmp_appventas_desa",
            "type": "LinkedServiceReference"
        },
        "parameters": {
            "DIRECTORIO_DESTINO": {
                "type": "string"
            }
        },
        "annotations": [],
        "type": "Binary",
        "typeProperties": {
            "location": {
                "type": "AzureBlobFSLocation",
                "folderPath": {
                    "value": "@dataset().DIRECTORIO_DESTINO",
                    "type": "Expression"
                },
                "fileSystem": "lakehousedata"
            }
        }
    },
    "type": "Microsoft.DataFactory/factories/datasets"
}