{
    "name": "ds_tmp_appventas_cliente",
    "properties": {
        "linkedServiceName": {
            "referenceName": "lnk_adls_tmp_appventas_desa",
            "type": "LinkedServiceReference"
        },
        "annotations": [],
        "type": "Binary",
        "typeProperties": {
            "location": {
                "type": "AzureBlobFSLocation",
                "folderPath": "tmp/cliente",
                "fileSystem": "lakehousedata"
            }
        }
    },
    "type": "Microsoft.DataFactory/factories/datasets"
}