{
    "name": "pln_cpy_fileserver_to_adls_appventas_ventas",
    "properties": {
        "activities": [
            {
                "name": "cpy_fileserver_to_adls_appventas_ventas",
                "type": "Copy",
                "dependsOn": [],
                "policy": {
                    "timeout": "0.12:00:00",
                    "retry": 0,
                    "retryIntervalInSeconds": 30,
                    "secureOutput": false,
                    "secureInput": false
                },
                "userProperties": [],
                "typeProperties": {
                    "source": {
                        "type": "BinarySource",
                        "storeSettings": {
                            "type": "FileServerReadSettings",
                            "recursive": true,
                            "deleteFilesAfterCompletion": false
                        },
                        "formatSettings": {
                            "type": "BinaryReadSettings"
                        }
                    },
                    "sink": {
                        "type": "BinarySink",
                        "storeSettings": {
                            "type": "AzureBlobFSWriteSettings"
                        }
                    },
                    "enableStaging": false
                },
                "inputs": [
                    {
                        "referenceName": "ds_input_appventas_ventas",
                        "type": "DatasetReference",
                        "parameters": {
                            "DIRECTORIO_ORIGEN": {
                                "value": "@pipeline().parameters.DIRECTORIO_ORIGEN",
                                "type": "Expression"
                            }
                        }
                    }
                ],
                "outputs": [
                    {
                        "referenceName": "ds_tmp_appventas_ventas",
                        "type": "DatasetReference",
                        "parameters": {
                            "DIRECTORIO_DESTINO": {
                                "value": "@pipeline().parameters.DIRECTORIO_DESTINO",
                                "type": "Expression"
                            }
                        }
                    }
                ]
            }
        ],
        "parameters": {
            "DIRECTORIO_ORIGEN": {
                "type": "string"
            },
            "DIRECTORIO_DESTINO": {
                "type": "string",
                "defaultValue": "tmp/ventas"
            }
        },
        "annotations": [],
        "lastPublishTime": "2024-09-30T04:36:59Z"
    },
    "type": "Microsoft.DataFactory/factories/pipelines"
}