{
    "name": "pln_cpy_fileserver_to_adls_appventas_datamart",
    "properties": {
        "activities": [
            {
                "name": "exec_pln_ventas",
                "type": "ExecutePipeline",
                "dependsOn": [],
                "policy": {
                    "secureInput": false
                },
                "userProperties": [],
                "typeProperties": {
                    "pipeline": {
                        "referenceName": "pln_cpy_fileserver_to_adls_appventas_ventas",
                        "type": "PipelineReference"
                    },
                    "waitOnCompletion": true
                }
            },
            {
                "name": "exec_pln_clientes",
                "type": "ExecutePipeline",
                "dependsOn": [],
                "policy": {
                    "secureInput": false
                },
                "userProperties": [],
                "typeProperties": {
                    "pipeline": {
                        "referenceName": "pln_cpy_fileserver_to_adls_appventas_cliente",
                        "type": "PipelineReference"
                    },
                    "waitOnCompletion": true
                }
            }
        ],
        "annotations": [],
        "lastPublishTime": "2024-09-30T04:37:00Z"
    },
    "type": "Microsoft.DataFactory/factories/pipelines"
}