{
    "name": "trigger1",
    "properties": {
        "annotations": [],
        "runtimeState": "Started",
        "pipelines": [
            {
                "pipelineReference": {
                    "referenceName": "pln_cpy_fileserver_to_adls_appventas_cliente",
                    "type": "PipelineReference"
                }
            }
        ],
        "type": "ScheduleTrigger",
        "typeProperties": {
            "recurrence": {
                "frequency": "Minute",
                "interval": 5,
                "startTime": "2024-09-29T20:22:00",
                "endTime": "2024-09-29T20:30:00",
                "timeZone": "SA Pacific Standard Time"
            }
        }
    }
}