{
    "name": "Trasformation",
    "properties": {
        "type": "MappingDataFlow",
        "typeProperties": {
            "sources": [
                {
                    "dataset": {
                        "referenceName": "StagingParquet",
                        "type": "DatasetReference"
                    },
                    "name": "source1"
                }
            ],
            "sinks": [
                {
                    "dataset": {
                        "referenceName": "ParquetDestinationStore",
                        "type": "DatasetReference"
                    },
                    "name": "sink1"
                }
            ],
            "transformations": [
                {
                    "name": "MapDrifted1",
                    "description": "Creates an explicit mapping for each drifted column"
                },
                {
                    "name": "filter1"
                }
            ],
            "scriptLines": [
                "source(allowSchemaDrift: true,",
                "     validateSchema: false,",
                "     ignoreNoFilesFound: false,",
                "     format: 'parquet') ~> source1",
                "source1 derive(ID = toString(byName('ID')),",
                "          NOMBRE = toString(byName('NOMBRE')),",
                "          TELEFONO = toString(byName('TELEFONO')),",
                "          CORREO = toString(byName('CORREO')),",
                "          FECHA_INGRESO = toString(byName('FECHA_INGRESO')),",
                "          EDAD = toString(byName('EDAD')),",
                "          SALARIO = toString(byName('SALARIO')),",
                "          ID_EMPRESA = toString(byName('ID_EMPRESA'))) ~> MapDrifted1",
                "MapDrifted1 filter(ID==\"1\") ~> filter1",
                "filter1 sink(allowSchemaDrift: true,",
                "     validateSchema: false,",
                "     format: 'parquet',",
                "     truncate: true,",
                "     umask: 0022,",
                "     preCommands: [],",
                "     postCommands: [],",
                "     partitionBy('hash', 1)) ~> sink1"
            ]
        }
    }
}