{
    "name": "pln_cpy_fileserver_to_adls_appventas_cliente",
    "properties": {
        "activities": [
            {
                "name": "cpy_fileserver_to_adls_appventas_ventas",
                "type": "Copy",
                "dependsOn": [],
                "policy": {
                    "timeout": "0.12:00:00",
                    "retry": 0,
                    "retryIntervalInSeconds": 30,
                    "secureOutput": false,
                    "secureInput": false
                },
                "userProperties": [],
                "typeProperties": {
                    "source": {
                        "type": "BinarySource",
                        "storeSettings": {
                            "type": "FileServerReadSettings",
                            "recursive": true
                        },
                        "formatSettings": {
                            "type": "BinaryReadSettings"
                        }
                    },
                    "sink": {
                        "type": "BinarySink",
                        "storeSettings": {
                            "type": "AzureBlobFSWriteSettings"
                        }
                    },
                    "enableStaging": false
                },
                "inputs": [
                    {
                        "referenceName": "ds_input_appventas_cliente",
                        "type": "DatasetReference"
                    }
                ],
                "outputs": [
                    {
                        "referenceName": "ds_tmp_appventas_cliente",
                        "type": "DatasetReference"
                    }
                ]
            }
        ],
        "annotations": [],
        "lastPublishTime": "2024-09-30T02:40:29Z"
    },
    "type": "Microsoft.DataFactory/factories/pipelines"
}