{
    "now": "2024-10-01T00:25:52.793Z",
    "perfNow": 8149639.300000191,
    "diagnosticCorrelation": "bdc9db98-94ba-40c4-8a0b-a776a8db76c3",
    "source": "DownloadSupportFiles",
    "environment": {
        "productName": "adf",
        "buildVersion": "1.0.091324.5",
        "environmentType": 3,
        "resourceName": "df01-esping09eu02desa",
        "resourceRegion": "eastus2",
        "resourceGroup": "RSGRESPING09EU02DESA01",
        "subscriptionId": "3d4bb8be-b12c-4c52-8cec-1b81cb8fb1a0",
        "sessionId": "75P3Omkm4+JrnME5OoHB+K",
        "operationId": "",
        "gitType": "live",
        "loggingKey": "4791eb52-5ea3-4996-b5ce-a4f90a55930e"
    },
    "additionalInfo": {
        "selectedResource": "pln_cpy_fileserver_to_adls_appventas_cliente",
        "selectedResourceType": "pipeline"
    }
}